ab_id	endpoint	prediction
abituzumab	tm_onset_c	81.93258666992188
abrilumab	tm_onset_c	72.23077392578125
adalimumab	tm_onset_c	72.56787109375
alemtuzumab	tm_onset_c	80.4703369140625
alirocumab	tm_onset_c	75.61154174804688
anifrolumab	tm_onset_c	73.33740234375
atezolizumab	tm_onset_c	72.0792007446289
bapineuzumab	tm_onset_c	70.55267333984375
basiliximab	tm_onset_c	66.17041015625
bavituximab	tm_onset_c	73.9138412475586
belimumab	tm_onset_c	61.60441207885742
benralizumab	tm_onset_c	63.871360778808594
bevacizumab	tm_onset_c	66.73869323730469
bimagrumab	tm_onset_c	80.7740707397461
blosozumab	tm_onset_c	78.2301025390625
bococizumab	tm_onset_c	69.82559204101562
brentuximab	tm_onset_c	72.27277374267578
briakinumab	tm_onset_c	69.705078125
brodalumab	tm_onset_c	65.35872650146484
canakinumab	tm_onset_c	75.02561950683594
carlumab	tm_onset_c	77.14558410644531
certolizumab	tm_onset_c	65.95064544677734
cetuximab	tm_onset_c	62.33481979370117
cixutumumab	tm_onset_c	69.2430648803711
clazakizumab	tm_onset_c	62.55146026611328
codrituzumab	tm_onset_c	68.69017791748047
crenezumab	tm_onset_c	73.65676879882812
dacetuzumab	tm_onset_c	78.5140151977539
daclizumab	tm_onset_c	73.15791320800781
dalotuzumab	tm_onset_c	78.92359924316406
daratumumab	tm_onset_c	65.0041275024414
denosumab	tm_onset_c	72.5087661743164
dinutuximab	tm_onset_c	67.72479248046875
drozitumab	tm_onset_c	66.02497863769531
duligotuzumab	tm_onset_c	81.73297119140625
dupilumab	tm_onset_c	77.21907043457031
eculizumab	tm_onset_c	76.21780395507812
efalizumab	tm_onset_c	75.28124237060547
eldelumab	tm_onset_c	73.6737060546875
elotuzumab	tm_onset_c	74.17184448242188
emibetuzumab	tm_onset_c	67.1517105102539
enokizumab	tm_onset_c	77.56643676757812
epratuzumab	tm_onset_c	63.35803985595703
etrolizumab	tm_onset_c	69.07736206054688
evolocumab	tm_onset_c	55.24662780761719
farletuzumab	tm_onset_c	58.24486541748047
fasinumab	tm_onset_c	69.61373138427734
fezakinumab	tm_onset_c	62.44915771484375
ficlatuzumab	tm_onset_c	76.66256713867188
figitumumab	tm_onset_c	65.01858520507812
fletikumab	tm_onset_c	72.27127838134766
foralumab	tm_onset_c	70.72667694091797
fresolimumab	tm_onset_c	70.3753890991211
fulranumab	tm_onset_c	69.70639038085938
galiximab	tm_onset_c	70.60985565185547
ganitumab	tm_onset_c	82.11735534667969
gantenerumab	tm_onset_c	73.2056655883789
gemtuzumab	tm_onset_c	72.65657806396484
gevokizumab	tm_onset_c	84.01348876953125
girentuximab	tm_onset_c	64.9555435180664
glembatumumab	tm_onset_c	78.71953582763672
golimumab	tm_onset_c	71.4881820678711
guselkumab	tm_onset_c	66.38749694824219
ibalizumab	tm_onset_c	72.58458709716797
imgatuzumab	tm_onset_c	74.49189758300781
infliximab	tm_onset_c	58.615325927734375
inotuzumab	tm_onset_c	76.45201110839844
ipilimumab	tm_onset_c	72.3885269165039
ixekizumab	tm_onset_c	68.25801086425781
lampalizumab	tm_onset_c	73.56954956054688
lebrikizumab	tm_onset_c	88.19369506835938
lenzilumab	tm_onset_c	66.96627807617188
lintuzumab	tm_onset_c	76.9888916015625
lirilumab	tm_onset_c	65.40216064453125
lumiliximab	tm_onset_c	65.65789794921875
matuzumab	tm_onset_c	79.74613952636719
mavrilimumab	tm_onset_c	68.05760192871094
mepolizumab	tm_onset_c	62.372406005859375
mogamulizumab	tm_onset_c	72.32794952392578
motavizumab	tm_onset_c	71.81942749023438
muromonab	tm_onset_c	63.020660400390625
natalizumab	tm_onset_c	63.14183807373047
necitumumab	tm_onset_c	75.73703002929688
nimotuzumab	tm_onset_c	73.100341796875
nivolumab	tm_onset_c	63.825382232666016
obinutuzumab	tm_onset_c	79.73081970214844
ocrelizumab	tm_onset_c	73.08121490478516
ofatumumab	tm_onset_c	66.48514556884766
olaratumab	tm_onset_c	66.30735778808594
olokizumab	tm_onset_c	67.14016723632812
omalizumab	tm_onset_c	71.83815002441406
onartuzumab	tm_onset_c	74.99119567871094
otelixizumab	tm_onset_c	61.66471862792969
otlertuzumab	tm_onset_c	67.22069549560547
ozanezumab	tm_onset_c	65.48930358886719
palivizumab	tm_onset_c	85.24347686767578
panitumumab	tm_onset_c	70.40520477294922
panobacumab	tm_onset_c	69.72319030761719
parsatuzumab	tm_onset_c	77.794189453125
patritumab	tm_onset_c	77.07726287841797
pembrolizumab	tm_onset_c	76.36182403564453
pertuzumab	tm_onset_c	84.17875671386719
pinatuzumab	tm_onset_c	78.1636962890625
polatuzumab	tm_onset_c	61.911285400390625
ponezumab	tm_onset_c	71.0626449584961
radretumab	tm_onset_c	63.59233856201172
ramucirumab	tm_onset_c	69.16696166992188
ranibizumab	tm_onset_c	65.89559936523438
reslizumab	tm_onset_c	73.00934600830078
rilotumumab	tm_onset_c	67.50507354736328
rituximab	tm_onset_c	72.39640045166016
robatumumab	tm_onset_c	70.76519012451172
romosozumab	tm_onset_c	71.56936645507812
sarilumab	tm_onset_c	64.20310974121094
secukinumab	tm_onset_c	76.51954650878906
seribantumab	tm_onset_c	71.08529663085938
sifalimumab	tm_onset_c	72.77120971679688
siltuximab	tm_onset_c	68.46634674072266
simtuzumab	tm_onset_c	69.52626037597656
sirukumab	tm_onset_c	73.64225769042969
tabalumab	tm_onset_c	70.265380859375
tanezumab	tm_onset_c	83.01519775390625
teplizumab	tm_onset_c	85.31942749023438
tigatuzumab	tm_onset_c	73.87308502197266
tildrakizumab	tm_onset_c	73.84903717041016
tocilizumab	tm_onset_c	80.19273376464844
tovetumab	tm_onset_c	83.81983184814453
tralokinumab	tm_onset_c	68.37370300292969
trastuzumab	tm_onset_c	70.67041778564453
tremelimumab	tm_onset_c	63.37823486328125
urelumab	tm_onset_c	73.6435546875
ustekinumab	tm_onset_c	65.03639221191406
vedolizumab	tm_onset_c	70.16498565673828
veltuzumab	tm_onset_c	69.44437408447266
visilizumab	tm_onset_c	69.398681640625
zalutumumab	tm_onset_c	69.3973617553711
zanolimumab	tm_onset_c	72.23121643066406
abituzumab	hic_rt	9.256601333618164
abrilumab	hic_rt	8.348137855529785
adalimumab	hic_rt	10.282727241516113
alemtuzumab	hic_rt	9.825892448425293
alirocumab	hic_rt	12.529991149902344
anifrolumab	hic_rt	9.57784652709961
atezolizumab	hic_rt	9.098347663879395
bapineuzumab	hic_rt	10.549725532531738
basiliximab	hic_rt	9.807259559631348
bavituximab	hic_rt	5.754014015197754
belimumab	hic_rt	14.612613677978516
benralizumab	hic_rt	11.441041946411133
bevacizumab	hic_rt	12.489680290222168
bimagrumab	hic_rt	9.378742218017578
blosozumab	hic_rt	11.957683563232422
bococizumab	hic_rt	12.011919021606445
brentuximab	hic_rt	11.741311073303223
briakinumab	hic_rt	7.50282096862793
brodalumab	hic_rt	10.89157772064209
canakinumab	hic_rt	9.731437683105469
carlumab	hic_rt	14.957256317138672
certolizumab	hic_rt	9.468839645385742
cetuximab	hic_rt	10.674363136291504
cixutumumab	hic_rt	10.591522216796875
clazakizumab	hic_rt	8.479763984680176
codrituzumab	hic_rt	10.761434555053711
crenezumab	hic_rt	6.932441234588623
dacetuzumab	hic_rt	11.24754524230957
daclizumab	hic_rt	11.003396987915039
dalotuzumab	hic_rt	10.722390174865723
daratumumab	hic_rt	11.246810913085938
denosumab	hic_rt	9.243781089782715
dinutuximab	hic_rt	6.86313533782959
drozitumab	hic_rt	7.360851287841797
duligotuzumab	hic_rt	10.139450073242188
dupilumab	hic_rt	11.431171417236328
eculizumab	hic_rt	10.790572166442871
efalizumab	hic_rt	7.942895889282227
eldelumab	hic_rt	11.369083404541016
elotuzumab	hic_rt	9.362970352172852
emibetuzumab	hic_rt	7.988807678222656
enokizumab	hic_rt	10.553550720214844
epratuzumab	hic_rt	10.329703330993652
etrolizumab	hic_rt	10.754570960998535
evolocumab	hic_rt	12.410273551940918
farletuzumab	hic_rt	14.706032752990723
fasinumab	hic_rt	8.475600242614746
fezakinumab	hic_rt	11.88376522064209
ficlatuzumab	hic_rt	11.71217155456543
figitumumab	hic_rt	11.072383880615234
fletikumab	hic_rt	8.306560516357422
foralumab	hic_rt	7.434120178222656
fresolimumab	hic_rt	9.532868385314941
fulranumab	hic_rt	9.397086143493652
galiximab	hic_rt	13.382402420043945
ganitumab	hic_rt	6.456053733825684
gantenerumab	hic_rt	9.938179016113281
gemtuzumab	hic_rt	10.58533763885498
gevokizumab	hic_rt	7.817745208740234
girentuximab	hic_rt	9.038089752197266
glembatumumab	hic_rt	11.081636428833008
golimumab	hic_rt	10.9578857421875
guselkumab	hic_rt	11.225398063659668
ibalizumab	hic_rt	11.701642990112305
imgatuzumab	hic_rt	13.509570121765137
infliximab	hic_rt	12.515094757080078
inotuzumab	hic_rt	11.653666496276855
ipilimumab	hic_rt	10.093613624572754
ixekizumab	hic_rt	12.693364143371582
lampalizumab	hic_rt	7.711429595947266
lebrikizumab	hic_rt	6.790195465087891
lenzilumab	hic_rt	11.633563995361328
lintuzumab	hic_rt	8.805359840393066
lirilumab	hic_rt	12.820810317993164
lumiliximab	hic_rt	11.687541961669922
matuzumab	hic_rt	9.926003456115723
mavrilimumab	hic_rt	9.8118314743042
mepolizumab	hic_rt	11.435846328735352
mogamulizumab	hic_rt	10.05331802368164
motavizumab	hic_rt	9.193123817443848
muromonab	hic_rt	10.547106742858887
natalizumab	hic_rt	13.362305641174316
necitumumab	hic_rt	12.197233200073242
nimotuzumab	hic_rt	8.01622486114502
nivolumab	hic_rt	10.663909912109375
obinutuzumab	hic_rt	10.795816421508789
ocrelizumab	hic_rt	10.406014442443848
ofatumumab	hic_rt	10.213602066040039
olaratumab	hic_rt	11.247322082519531
olokizumab	hic_rt	7.537817001342773
omalizumab	hic_rt	12.247511863708496
onartuzumab	hic_rt	7.398568153381348
otelixizumab	hic_rt	8.69074535369873
otlertuzumab	hic_rt	9.699019432067871
ozanezumab	hic_rt	9.894930839538574
palivizumab	hic_rt	9.513873100280762
panitumumab	hic_rt	8.706523895263672
panobacumab	hic_rt	12.14502239227295
parsatuzumab	hic_rt	8.258700370788574
patritumab	hic_rt	9.89958381652832
pembrolizumab	hic_rt	11.351461410522461
pertuzumab	hic_rt	9.852657318115234
pinatuzumab	hic_rt	10.698919296264648
polatuzumab	hic_rt	9.552359580993652
ponezumab	hic_rt	8.975330352783203
radretumab	hic_rt	9.343999862670898
ramucirumab	hic_rt	11.163594245910645
ranibizumab	hic_rt	11.442978858947754
reslizumab	hic_rt	8.633865356445312
rilotumumab	hic_rt	13.45620346069336
rituximab	hic_rt	9.717798233032227
robatumumab	hic_rt	7.939587116241455
romosozumab	hic_rt	11.566093444824219
sarilumab	hic_rt	9.665299415588379
secukinumab	hic_rt	9.928560256958008
seribantumab	hic_rt	13.570932388305664
sifalimumab	hic_rt	11.329811096191406
siltuximab	hic_rt	14.341720581054688
simtuzumab	hic_rt	12.433550834655762
sirukumab	hic_rt	11.970970153808594
tabalumab	hic_rt	13.50590705871582
tanezumab	hic_rt	12.22437858581543
teplizumab	hic_rt	6.956778526306152
tigatuzumab	hic_rt	8.067453384399414
tildrakizumab	hic_rt	9.463688850402832
tocilizumab	hic_rt	6.755946159362793
tovetumab	hic_rt	8.427532196044922
tralokinumab	hic_rt	10.373181343078613
trastuzumab	hic_rt	9.645557403564453
tremelimumab	hic_rt	14.397518157958984
urelumab	hic_rt	12.050130844116211
ustekinumab	hic_rt	11.978708267211914
vedolizumab	hic_rt	9.492844581604004
veltuzumab	hic_rt	12.131240844726562
visilizumab	hic_rt	9.325702667236328
zalutumumab	hic_rt	9.923755645751953
zanolimumab	hic_rt	10.255163192749023
abituzumab	ac_sins	-2.1672348976135254
abrilumab	ac_sins	-2.1524338722229004
adalimumab	ac_sins	8.237808227539062
alemtuzumab	ac_sins	-5.150883197784424
alirocumab	ac_sins	-4.411294937133789
anifrolumab	ac_sins	-13.879785537719727
atezolizumab	ac_sins	11.529708862304688
bapineuzumab	ac_sins	11.212260246276855
basiliximab	ac_sins	0.8835258483886719
bavituximab	ac_sins	1.1428613662719727
belimumab	ac_sins	16.36794090270996
benralizumab	ac_sins	4.4705305099487305
bevacizumab	ac_sins	12.932390213012695
bimagrumab	ac_sins	-14.66440200805664
blosozumab	ac_sins	7.9144182205200195
bococizumab	ac_sins	20.010345458984375
brentuximab	ac_sins	7.621995449066162
briakinumab	ac_sins	14.136592864990234
brodalumab	ac_sins	11.982608795166016
canakinumab	ac_sins	23.443655014038086
carlumab	ac_sins	2.617091655731201
certolizumab	ac_sins	6.891864776611328
cetuximab	ac_sins	12.895959854125977
cixutumumab	ac_sins	15.730825424194336
clazakizumab	ac_sins	13.103289604187012
codrituzumab	ac_sins	21.343408584594727
crenezumab	ac_sins	-1.4890828132629395
dacetuzumab	ac_sins	3.4747936725616455
daclizumab	ac_sins	8.397472381591797
dalotuzumab	ac_sins	-4.341456413269043
daratumumab	ac_sins	-0.33545494079589844
denosumab	ac_sins	2.346475124359131
dinutuximab	ac_sins	-0.4476919174194336
drozitumab	ac_sins	0.5555415153503418
duligotuzumab	ac_sins	3.878528118133545
dupilumab	ac_sins	6.7732038497924805
eculizumab	ac_sins	-3.9092745780944824
efalizumab	ac_sins	7.303598403930664
eldelumab	ac_sins	2.997507095336914
elotuzumab	ac_sins	-6.92399263381958
emibetuzumab	ac_sins	-7.153581619262695
enokizumab	ac_sins	0.4331202507019043
epratuzumab	ac_sins	-5.126150608062744
etrolizumab	ac_sins	14.03856086730957
evolocumab	ac_sins	19.572717666625977
farletuzumab	ac_sins	30.631248474121094
fasinumab	ac_sins	15.267946243286133
fezakinumab	ac_sins	12.021531105041504
ficlatuzumab	ac_sins	13.38143539428711
figitumumab	ac_sins	10.59632396697998
fletikumab	ac_sins	7.913660526275635
foralumab	ac_sins	19.72374725341797
fresolimumab	ac_sins	3.6101465225219727
fulranumab	ac_sins	5.873713970184326
galiximab	ac_sins	-0.25162363052368164
ganitumab	ac_sins	3.3757946491241455
gantenerumab	ac_sins	17.203630447387695
gemtuzumab	ac_sins	-5.5500922203063965
gevokizumab	ac_sins	-18.608184814453125
girentuximab	ac_sins	21.180068969726562
glembatumumab	ac_sins	-2.679504871368408
golimumab	ac_sins	15.389764785766602
guselkumab	ac_sins	-12.681211471557617
ibalizumab	ac_sins	-19.180133819580078
imgatuzumab	ac_sins	13.629188537597656
infliximab	ac_sins	29.103689193725586
inotuzumab	ac_sins	9.397331237792969
ipilimumab	ac_sins	24.416040420532227
ixekizumab	ac_sins	5.079221725463867
lampalizumab	ac_sins	7.638003826141357
lebrikizumab	ac_sins	-5.156360149383545
lenzilumab	ac_sins	21.258256912231445
lintuzumab	ac_sins	0.32500505447387695
lirilumab	ac_sins	-2.8685860633850098
lumiliximab	ac_sins	-6.968506813049316
matuzumab	ac_sins	13.343748092651367
mavrilimumab	ac_sins	17.83678436279297
mepolizumab	ac_sins	-8.75497817993164
mogamulizumab	ac_sins	3.496009349822998
motavizumab	ac_sins	-2.5113649368286133
muromonab	ac_sins	21.54097557067871
natalizumab	ac_sins	-3.506425380706787
necitumumab	ac_sins	11.727453231811523
nimotuzumab	ac_sins	-10.184904098510742
nivolumab	ac_sins	8.977484703063965
obinutuzumab	ac_sins	12.772562980651855
ocrelizumab	ac_sins	5.2228899002075195
ofatumumab	ac_sins	17.612272262573242
olaratumab	ac_sins	12.980649948120117
olokizumab	ac_sins	0.9820399284362793
omalizumab	ac_sins	9.594600677490234
onartuzumab	ac_sins	-1.3151326179504395
otelixizumab	ac_sins	22.225515365600586
otlertuzumab	ac_sins	-0.5595598220825195
ozanezumab	ac_sins	-4.993634223937988
palivizumab	ac_sins	0.6865181922912598
panitumumab	ac_sins	-18.034616470336914
panobacumab	ac_sins	24.03572654724121
parsatuzumab	ac_sins	-13.601051330566406
patritumab	ac_sins	-4.314119338989258
pembrolizumab	ac_sins	11.71078109741211
pertuzumab	ac_sins	5.189941883087158
pinatuzumab	ac_sins	7.219078540802002
polatuzumab	ac_sins	-2.2230000495910645
ponezumab	ac_sins	22.277362823486328
radretumab	ac_sins	10.577685356140137
ramucirumab	ac_sins	-10.473810195922852
ranibizumab	ac_sins	-3.6344475746154785
reslizumab	ac_sins	-4.738293647766113
rilotumumab	ac_sins	7.518206596374512
rituximab	ac_sins	15.52696418762207
robatumumab	ac_sins	2.0788626670837402
romosozumab	ac_sins	18.293514251708984
sarilumab	ac_sins	3.7750515937805176
secukinumab	ac_sins	23.400142669677734
seribantumab	ac_sins	27.78251075744629
sifalimumab	ac_sins	-4.573602199554443
siltuximab	ac_sins	14.820478439331055
simtuzumab	ac_sins	9.225934982299805
sirukumab	ac_sins	12.03891658782959
tabalumab	ac_sins	6.935076713562012
tanezumab	ac_sins	-0.8020834922790527
teplizumab	ac_sins	11.038837432861328
tigatuzumab	ac_sins	10.530722618103027
tildrakizumab	ac_sins	4.3674397468566895
tocilizumab	ac_sins	15.185739517211914
tovetumab	ac_sins	19.6098575592041
tralokinumab	ac_sins	24.322509765625
trastuzumab	ac_sins	2.2928338050842285
tremelimumab	ac_sins	22.87346839904785
urelumab	ac_sins	-1.0710701942443848
ustekinumab	ac_sins	3.4464285373687744
vedolizumab	ac_sins	-2.1866917610168457
veltuzumab	ac_sins	-0.7587666511535645
visilizumab	ac_sins	19.34186553955078
zalutumumab	ac_sins	12.618060111999512
zanolimumab	ac_sins	8.384759902954102
abituzumab	bvp_score	-1.0368905067443848
abrilumab	bvp_score	10.411519050598145
adalimumab	bvp_score	6.473110675811768
alemtuzumab	bvp_score	5.160822868347168
alirocumab	bvp_score	-4.562193870544434
anifrolumab	bvp_score	2.436039447784424
atezolizumab	bvp_score	6.778075695037842
bapineuzumab	bvp_score	1.6118052005767822
basiliximab	bvp_score	-4.900452136993408
bavituximab	bvp_score	8.615323066711426
belimumab	bvp_score	-1.856797218322754
benralizumab	bvp_score	3.8087270259857178
bevacizumab	bvp_score	3.083956003189087
bimagrumab	bvp_score	1.9120023250579834
blosozumab	bvp_score	7.140075206756592
bococizumab	bvp_score	6.468959808349609
brentuximab	bvp_score	6.680675029754639
briakinumab	bvp_score	4.906730651855469
brodalumab	bvp_score	3.9578306674957275
canakinumab	bvp_score	-5.44149112701416
carlumab	bvp_score	1.3349390029907227
certolizumab	bvp_score	6.584657669067383
cetuximab	bvp_score	0.3651306629180908
cixutumumab	bvp_score	12.110616683959961
clazakizumab	bvp_score	4.3640666007995605
codrituzumab	bvp_score	11.887845993041992
crenezumab	bvp_score	6.427596092224121
dacetuzumab	bvp_score	6.094808101654053
daclizumab	bvp_score	3.669739246368408
dalotuzumab	bvp_score	-2.9380664825439453
daratumumab	bvp_score	3.854261875152588
denosumab	bvp_score	5.1460957527160645
dinutuximab	bvp_score	13.783787727355957
drozitumab	bvp_score	12.564371109008789
duligotuzumab	bvp_score	3.100480556488037
dupilumab	bvp_score	11.08541488647461
eculizumab	bvp_score	0.6100549697875977
efalizumab	bvp_score	1.22713041305542
eldelumab	bvp_score	2.8479056358337402
elotuzumab	bvp_score	-0.4035611152648926
emibetuzumab	bvp_score	1.8327736854553223
enokizumab	bvp_score	2.716315746307373
epratuzumab	bvp_score	0.6481561660766602
etrolizumab	bvp_score	7.842560768127441
evolocumab	bvp_score	-4.025572299957275
farletuzumab	bvp_score	7.386422157287598
fasinumab	bvp_score	9.653780937194824
fezakinumab	bvp_score	9.099037170410156
ficlatuzumab	bvp_score	-1.0759963989257812
figitumumab	bvp_score	9.04571533203125
fletikumab	bvp_score	9.752985000610352
foralumab	bvp_score	7.215209484100342
fresolimumab	bvp_score	4.129310607910156
fulranumab	bvp_score	2.315272808074951
galiximab	bvp_score	-0.47400379180908203
ganitumab	bvp_score	11.451285362243652
gantenerumab	bvp_score	18.573612213134766
gemtuzumab	bvp_score	1.1693115234375
gevokizumab	bvp_score	5.22847318649292
girentuximab	bvp_score	11.338251113891602
glembatumumab	bvp_score	3.988054037094116
golimumab	bvp_score	6.272496223449707
guselkumab	bvp_score	-6.8885016441345215
ibalizumab	bvp_score	-3.393251419067383
imgatuzumab	bvp_score	4.692267417907715
infliximab	bvp_score	8.715096473693848
inotuzumab	bvp_score	3.2565276622772217
ipilimumab	bvp_score	5.237954616546631
ixekizumab	bvp_score	4.442698001861572
lampalizumab	bvp_score	6.547511100769043
lebrikizumab	bvp_score	5.008939266204834
lenzilumab	bvp_score	6.081912994384766
lintuzumab	bvp_score	5.620249271392822
lirilumab	bvp_score	3.1043310165405273
lumiliximab	bvp_score	-7.779792785644531
matuzumab	bvp_score	-1.7204561233520508
mavrilimumab	bvp_score	12.013288497924805
mepolizumab	bvp_score	-3.986879348754883
mogamulizumab	bvp_score	0.532585859298706
motavizumab	bvp_score	2.0113258361816406
muromonab	bvp_score	6.9625396728515625
natalizumab	bvp_score	6.2471208572387695
necitumumab	bvp_score	2.6574759483337402
nimotuzumab	bvp_score	9.355037689208984
nivolumab	bvp_score	-4.955387115478516
obinutuzumab	bvp_score	10.116805076599121
ocrelizumab	bvp_score	-2.973954200744629
ofatumumab	bvp_score	7.384004592895508
olaratumab	bvp_score	-1.5914549827575684
olokizumab	bvp_score	1.0702757835388184
omalizumab	bvp_score	-2.764451503753662
onartuzumab	bvp_score	2.8027546405792236
otelixizumab	bvp_score	20.914794921875
otlertuzumab	bvp_score	4.496854305267334
ozanezumab	bvp_score	12.566536903381348
palivizumab	bvp_score	1.3266558647155762
panitumumab	bvp_score	3.8568100929260254
panobacumab	bvp_score	8.95592975616455
parsatuzumab	bvp_score	-5.213867664337158
patritumab	bvp_score	-1.1351547241210938
pembrolizumab	bvp_score	12.424644470214844
pertuzumab	bvp_score	7.872993469238281
pinatuzumab	bvp_score	6.941590785980225
polatuzumab	bvp_score	1.5077009201049805
ponezumab	bvp_score	10.30668830871582
radretumab	bvp_score	7.055105209350586
ramucirumab	bvp_score	-4.057896614074707
ranibizumab	bvp_score	2.126166820526123
reslizumab	bvp_score	-3.359591007232666
rilotumumab	bvp_score	4.668740272521973
rituximab	bvp_score	7.330273628234863
robatumumab	bvp_score	1.963207721710205
romosozumab	bvp_score	5.350811958312988
sarilumab	bvp_score	-3.0840930938720703
secukinumab	bvp_score	7.082919597625732
seribantumab	bvp_score	3.8611481189727783
sifalimumab	bvp_score	0.9633471965789795
siltuximab	bvp_score	-3.9346046447753906
simtuzumab	bvp_score	1.8700881004333496
sirukumab	bvp_score	3.9900617599487305
tabalumab	bvp_score	0.1792278289794922
tanezumab	bvp_score	0.24612832069396973
teplizumab	bvp_score	6.783830642700195
tigatuzumab	bvp_score	8.604156494140625
tildrakizumab	bvp_score	3.020270347595215
tocilizumab	bvp_score	11.532145500183105
tovetumab	bvp_score	5.8546905517578125
tralokinumab	bvp_score	10.303732872009277
trastuzumab	bvp_score	4.646753311157227
tremelimumab	bvp_score	4.460736274719238
urelumab	bvp_score	-0.04172229766845703
ustekinumab	bvp_score	0.7253890037536621
vedolizumab	bvp_score	3.410590887069702
veltuzumab	bvp_score	2.28806209564209
visilizumab	bvp_score	2.619136333465576
zalutumumab	bvp_score	2.702538251876831
zanolimumab	bvp_score	-3.3546085357666016
abituzumab	psr_score	0.03300777077674866
abrilumab	psr_score	0.14302068948745728
adalimumab	psr_score	-0.004852667450904846
alemtuzumab	psr_score	-0.14232011139392853
alirocumab	psr_score	-0.24878588318824768
anifrolumab	psr_score	-0.10648941993713379
atezolizumab	psr_score	0.3055839240550995
bapineuzumab	psr_score	0.32475966215133667
basiliximab	psr_score	0.09545985609292984
bavituximab	psr_score	-0.04093767702579498
belimumab	psr_score	-0.3489171862602234
benralizumab	psr_score	0.17328286170959473
bevacizumab	psr_score	0.07419594377279282
bimagrumab	psr_score	0.06046826392412186
blosozumab	psr_score	0.2596891522407532
bococizumab	psr_score	0.5653718709945679
brentuximab	psr_score	0.39926737546920776
briakinumab	psr_score	0.2788957953453064
brodalumab	psr_score	0.23616591095924377
canakinumab	psr_score	-0.19756868481636047
carlumab	psr_score	-0.021255850791931152
certolizumab	psr_score	0.1167723685503006
cetuximab	psr_score	0.31754177808761597
cixutumumab	psr_score	0.20217859745025635
clazakizumab	psr_score	0.19471603631973267
codrituzumab	psr_score	0.531240701675415
crenezumab	psr_score	0.10018252581357956
dacetuzumab	psr_score	0.11219978332519531
daclizumab	psr_score	0.16560640931129456
dalotuzumab	psr_score	0.11178678274154663
daratumumab	psr_score	-0.10107040405273438
denosumab	psr_score	0.09118162095546722
dinutuximab	psr_score	0.3470460772514343
drozitumab	psr_score	0.19175085425376892
duligotuzumab	psr_score	-0.2852988839149475
dupilumab	psr_score	0.208729088306427
eculizumab	psr_score	-0.03021000325679779
efalizumab	psr_score	0.02286527305841446
eldelumab	psr_score	-0.10256794095039368
elotuzumab	psr_score	0.08761627227067947
emibetuzumab	psr_score	0.17799100279808044
enokizumab	psr_score	0.06390658020973206
epratuzumab	psr_score	0.18011826276779175
etrolizumab	psr_score	0.5511478781700134
evolocumab	psr_score	0.004776418209075928
farletuzumab	psr_score	0.23858119547367096
fasinumab	psr_score	0.012949317693710327
fezakinumab	psr_score	0.15132124722003937
ficlatuzumab	psr_score	0.24317501485347748
figitumumab	psr_score	0.2169281542301178
fletikumab	psr_score	0.4756293296813965
foralumab	psr_score	0.4227287173271179
fresolimumab	psr_score	0.03825207054615021
fulranumab	psr_score	-0.12971177697181702
galiximab	psr_score	0.2022179365158081
ganitumab	psr_score	0.2273203432559967
gantenerumab	psr_score	0.44863373041152954
gemtuzumab	psr_score	-0.10947670042514801
gevokizumab	psr_score	-0.12882518768310547
girentuximab	psr_score	0.4442581534385681
glembatumumab	psr_score	0.15750794112682343
golimumab	psr_score	-0.08906771242618561
guselkumab	psr_score	0.037368811666965485
ibalizumab	psr_score	-0.2808188498020172
imgatuzumab	psr_score	0.23201817274093628
infliximab	psr_score	0.43468114733695984
inotuzumab	psr_score	0.20291858911514282
ipilimumab	psr_score	0.3091440796852112
ixekizumab	psr_score	0.13425932824611664
lampalizumab	psr_score	0.3350599408149719
lebrikizumab	psr_score	0.03900693356990814
lenzilumab	psr_score	0.5494588613510132
lintuzumab	psr_score	0.02454659342765808
lirilumab	psr_score	-0.013228461146354675
lumiliximab	psr_score	-0.1354731023311615
matuzumab	psr_score	0.25277647376060486
mavrilimumab	psr_score	0.5589404106140137
mepolizumab	psr_score	-0.2355899065732956
mogamulizumab	psr_score	0.10253947973251343
motavizumab	psr_score	-0.20735985040664673
muromonab	psr_score	0.28907814621925354
natalizumab	psr_score	-0.2652459740638733
necitumumab	psr_score	0.05909436196088791
nimotuzumab	psr_score	-0.1645130068063736
nivolumab	psr_score	-0.05270272493362427
obinutuzumab	psr_score	0.2517375946044922
ocrelizumab	psr_score	0.03935268521308899
ofatumumab	psr_score	0.14863987267017365
olaratumab	psr_score	0.02575652301311493
olokizumab	psr_score	-0.03721494972705841
omalizumab	psr_score	0.01604364812374115
onartuzumab	psr_score	0.09946508705615997
otelixizumab	psr_score	0.6925292611122131
otlertuzumab	psr_score	0.5388941168785095
ozanezumab	psr_score	0.15247946977615356
palivizumab	psr_score	0.05461874604225159
panitumumab	psr_score	-0.18832898139953613
panobacumab	psr_score	0.16666343808174133
parsatuzumab	psr_score	-0.19406674802303314
patritumab	psr_score	-0.16697397828102112
pembrolizumab	psr_score	0.3779391944408417
pertuzumab	psr_score	0.14499744772911072
pinatuzumab	psr_score	-0.06697602570056915
polatuzumab	psr_score	0.08957206457853317
ponezumab	psr_score	0.6045045256614685
radretumab	psr_score	0.09259133785963058
ramucirumab	psr_score	-0.27377045154571533
ranibizumab	psr_score	-0.050724029541015625
reslizumab	psr_score	-0.051264598965644836
rilotumumab	psr_score	0.1170605719089508
rituximab	psr_score	0.25651073455810547
robatumumab	psr_score	0.1920853853225708
romosozumab	psr_score	0.15767839550971985
sarilumab	psr_score	0.097228042781353
secukinumab	psr_score	0.11153139919042587
seribantumab	psr_score	0.2720796465873718
sifalimumab	psr_score	0.16500087082386017
siltuximab	psr_score	0.16430401802062988
simtuzumab	psr_score	0.21564829349517822
sirukumab	psr_score	-0.12973105907440186
tabalumab	psr_score	0.3592398762702942
tanezumab	psr_score	0.08954934030771255
teplizumab	psr_score	0.3040533661842346
tigatuzumab	psr_score	0.14819006621837616
tildrakizumab	psr_score	0.10372725129127502
tocilizumab	psr_score	0.4573788046836853
tovetumab	psr_score	0.13715949654579163
tralokinumab	psr_score	0.2922365069389343
trastuzumab	psr_score	0.1391330361366272
tremelimumab	psr_score	0.35019248723983765
urelumab	psr_score	0.07063744962215424
ustekinumab	psr_score	0.021477222442626953
vedolizumab	psr_score	0.07733292877674103
veltuzumab	psr_score	0.15368837118148804
visilizumab	psr_score	0.31750017404556274
zalutumumab	psr_score	0.229714497923851
zanolimumab	psr_score	-0.12660136818885803
abituzumab	expression_mgl	168.1829833984375
abrilumab	expression_mgl	230.99563598632812
adalimumab	expression_mgl	142.14085388183594
alemtuzumab	expression_mgl	196.19473266601562
alirocumab	expression_mgl	218.30636596679688
anifrolumab	expression_mgl	241.52197265625
atezolizumab	expression_mgl	136.02642822265625
bapineuzumab	expression_mgl	123.7630844116211
basiliximab	expression_mgl	108.29780578613281
bavituximab	expression_mgl	176.2847442626953
belimumab	expression_mgl	119.709228515625
benralizumab	expression_mgl	247.41552734375
bevacizumab	expression_mgl	42.35736846923828
bimagrumab	expression_mgl	307.6389465332031
blosozumab	expression_mgl	132.59793090820312
bococizumab	expression_mgl	81.62631225585938
brentuximab	expression_mgl	151.06787109375
briakinumab	expression_mgl	159.62332153320312
brodalumab	expression_mgl	223.20166015625
canakinumab	expression_mgl	185.90853881835938
carlumab	expression_mgl	189.619873046875
certolizumab	expression_mgl	83.18965911865234
cetuximab	expression_mgl	19.826034545898438
cixutumumab	expression_mgl	169.73780822753906
clazakizumab	expression_mgl	149.39712524414062
codrituzumab	expression_mgl	25.165992736816406
crenezumab	expression_mgl	97.29834747314453
dacetuzumab	expression_mgl	187.53106689453125
daclizumab	expression_mgl	195.4266357421875
dalotuzumab	expression_mgl	93.62181091308594
daratumumab	expression_mgl	228.95652770996094
denosumab	expression_mgl	156.71597290039062
dinutuximab	expression_mgl	143.76918029785156
drozitumab	expression_mgl	180.1680450439453
duligotuzumab	expression_mgl	240.64373779296875
dupilumab	expression_mgl	109.25901794433594
eculizumab	expression_mgl	196.9891357421875
efalizumab	expression_mgl	94.69977569580078
eldelumab	expression_mgl	202.63348388671875
elotuzumab	expression_mgl	171.9145050048828
emibetuzumab	expression_mgl	109.67486572265625
enokizumab	expression_mgl	198.0078125
epratuzumab	expression_mgl	110.7015380859375
etrolizumab	expression_mgl	106.27496337890625
evolocumab	expression_mgl	110.85615539550781
farletuzumab	expression_mgl	42.996826171875
fasinumab	expression_mgl	83.39576721191406
fezakinumab	expression_mgl	131.98350524902344
ficlatuzumab	expression_mgl	105.16033172607422
figitumumab	expression_mgl	70.22248077392578
fletikumab	expression_mgl	184.20094299316406
foralumab	expression_mgl	166.57394409179688
fresolimumab	expression_mgl	146.50711059570312
fulranumab	expression_mgl	217.55361938476562
galiximab	expression_mgl	157.48171997070312
ganitumab	expression_mgl	194.29025268554688
gantenerumab	expression_mgl	198.68519592285156
gemtuzumab	expression_mgl	220.6063995361328
gevokizumab	expression_mgl	81.36479187011719
girentuximab	expression_mgl	71.17572784423828
glembatumumab	expression_mgl	149.98635864257812
golimumab	expression_mgl	241.2172088623047
guselkumab	expression_mgl	209.39283752441406
ibalizumab	expression_mgl	182.22999572753906
imgatuzumab	expression_mgl	230.2548828125
infliximab	expression_mgl	1.9995880126953125
inotuzumab	expression_mgl	163.0876922607422
ipilimumab	expression_mgl	102.5474624633789
ixekizumab	expression_mgl	87.8414535522461
lampalizumab	expression_mgl	94.93583679199219
lebrikizumab	expression_mgl	168.8980255126953
lenzilumab	expression_mgl	123.6786117553711
lintuzumab	expression_mgl	227.0545654296875
lirilumab	expression_mgl	282.2781066894531
lumiliximab	expression_mgl	141.1892547607422
matuzumab	expression_mgl	209.60411071777344
mavrilimumab	expression_mgl	192.8997802734375
mepolizumab	expression_mgl	17.190834045410156
mogamulizumab	expression_mgl	54.42522430419922
motavizumab	expression_mgl	169.6458282470703
muromonab	expression_mgl	95.67816925048828
natalizumab	expression_mgl	109.08845520019531
necitumumab	expression_mgl	177.57199096679688
nimotuzumab	expression_mgl	64.61995697021484
nivolumab	expression_mgl	150.4835205078125
obinutuzumab	expression_mgl	204.48777770996094
ocrelizumab	expression_mgl	151.5159454345703
ofatumumab	expression_mgl	186.70948791503906
olaratumab	expression_mgl	199.45591735839844
olokizumab	expression_mgl	157.631103515625
omalizumab	expression_mgl	206.92724609375
onartuzumab	expression_mgl	68.12676239013672
otelixizumab	expression_mgl	11.49920654296875
otlertuzumab	expression_mgl	113.6461181640625
ozanezumab	expression_mgl	135.74008178710938
palivizumab	expression_mgl	192.5601043701172
panitumumab	expression_mgl	161.2222442626953
panobacumab	expression_mgl	55.243072509765625
parsatuzumab	expression_mgl	176.54830932617188
patritumab	expression_mgl	189.23326110839844
pembrolizumab	expression_mgl	148.25450134277344
pertuzumab	expression_mgl	195.97476196289062
pinatuzumab	expression_mgl	182.99856567382812
polatuzumab	expression_mgl	134.92916870117188
ponezumab	expression_mgl	104.20762634277344
radretumab	expression_mgl	71.43587493896484
ramucirumab	expression_mgl	217.23707580566406
ranibizumab	expression_mgl	58.87419891357422
reslizumab	expression_mgl	138.13873291015625
rilotumumab	expression_mgl	157.67813110351562
rituximab	expression_mgl	119.28389739990234
robatumumab	expression_mgl	229.34011840820312
romosozumab	expression_mgl	69.48081970214844
sarilumab	expression_mgl	99.63604736328125
secukinumab	expression_mgl	27.581756591796875
seribantumab	expression_mgl	112.28953552246094
sifalimumab	expression_mgl	211.0138397216797
siltuximab	expression_mgl	189.797607421875
simtuzumab	expression_mgl	118.12983703613281
sirukumab	expression_mgl	287.37774658203125
tabalumab	expression_mgl	126.68699645996094
tanezumab	expression_mgl	221.42431640625
teplizumab	expression_mgl	234.85470581054688
tigatuzumab	expression_mgl	186.43453979492188
tildrakizumab	expression_mgl	235.5525360107422
tocilizumab	expression_mgl	42.35662841796875
tovetumab	expression_mgl	194.1605224609375
tralokinumab	expression_mgl	79.69939422607422
trastuzumab	expression_mgl	162.68612670898438
tremelimumab	expression_mgl	115.04367065429688
urelumab	expression_mgl	148.07107543945312
ustekinumab	expression_mgl	16.630355834960938
vedolizumab	expression_mgl	235.3675079345703
veltuzumab	expression_mgl	235.30413818359375
visilizumab	expression_mgl	229.1552734375
zalutumumab	expression_mgl	196.9237060546875
zanolimumab	expression_mgl	89.52687072753906
